Date,cond_vol_baseline,cond_vol_garchx
2025-08-15,0.010908600140451658,0.010908600140451658
2025-08-18,0.01074056667116314,0.01069421925718321
2025-08-19,0.010639061152439042,0.010406606093754147
2025-08-20,0.01133171633456801,0.010961124126724373
2025-08-21,0.011151216843607006,0.010722255886415968
2025-08-22,0.010983203821476746,0.010589129409923985
2025-08-25,0.011784116245169427,0.011482983372533277
2025-08-26,0.011592473280560114,0.011234408398057859
2025-08-27,0.011418949094028484,0.0110483675662084
2025-08-28,0.011377157988516361,0.011024581393048925
2025-08-29,0.011434395840630725,0.011168937630459414
2025-09-01,0.011254578850403636,0.01106840583517359
2025-09-02,0.011092567633866582,0.010829572387925533
2025-09-03,0.010994118330812954,0.01062375763435241
2025-09-04,0.01085565534484122,0.010487761309806212
2025-09-05,0.010770186132713513,0.010547125867967952
2025-09-08,0.010795900085934309,0.010694197557459437
2025-09-09,0.010715396103819313,0.010549676833578915
2025-09-10,0.01055930042967028,0.010365632007895847
2025-09-11,0.01042698524394585,0.01025818172900842
2025-09-12,0.010305723112112948,0.01017555392035676
2025-09-15,0.010246970058715953,0.010062573417175981
2025-09-16,0.010205808528745787,0.010138757047758296
2025-09-17,0.010064653870741139,0.01006924898520219
2025-09-18,0.01008339617351489,0.010090311295794145
2025-09-19,0.009939728498958323,0.010022803176219865
2025-09-22,0.009797862243676474,0.010027026830760299
2025-09-23,0.009732275663981363,0.009951173080707136
2025-09-24,0.009713628577969948,0.009986170659252407
2025-09-25,0.009574770552882262,0.009728637087932781
2025-09-26,0.009605705565275787,0.009728513325071488
2025-09-29,0.0094689468825475,0.00962321543010027
2025-09-30,0.009385659977300103,0.009519746270834935
2025-10-01,0.009261177854670191,0.009350135996142622
2025-10-02,0.009207771320510334,0.009204857285563755
2025-10-03,0.00936940915710445,0.00926441281125061
2025-10-06,0.00923978752061143,0.009115382814286123
2025-10-07,0.009168480539226496,0.00887635791838594
2025-10-08,0.009615117709460901,0.009211371076660403
2025-10-09,0.009517265180573714,0.009116547332813552
2025-10-10,0.009417502280338224,0.00887946014156155
2025-10-13,0.009425834050984771,0.008714344315248292
2025-10-14,0.0093838225353157,0.008613825292344288
2025-10-15,0.009259550034564985,0.008497025991729025
2025-10-16,0.009191009602540812,0.008440914674962368
2025-10-17,0.009097236963016335,0.008344354730734513
2025-10-20,0.009084203313564684,0.008419338262897275
2025-10-21,0.009052046084508025,0.008397059865887596
2025-10-22,0.008964234547537357,0.008322918218870698
2025-10-23,0.008884736345631437,0.008296843240548997
2025-10-24,0.008815143987013939,0.008282369080058269
2025-10-27,0.00870835840615151,0.008267172287567133
2025-10-28,0.008636809165639891,0.008364558802807138
2025-10-29,0.008535488490993014,0.008410534217193946
2025-10-30,0.008536883023072553,0.008559765508754976
2025-10-31,0.008429437328623342,0.008542308965465893
2025-11-03,0.008360717278917034,0.008572557372512297
2025-11-04,0.008314410004740886,0.008661161828539583
2025-11-05,0.008213990523698268,0.008675246770043638
2025-11-06,0.008680315200134322,0.009212527757298502
2025-11-07,0.00857021818471662,0.009253051020101974
2025-11-10,0.008490604833916483,0.00919241168298386
2025-11-11,0.008481235287623018,0.009316447072105943
2025-11-12,0.008851370909392751,0.009695002908834167
2025-11-13,0.008742280472804571,0.009584192458342971
2025-11-14,0.008665172010561545,0.009463245623569922
2025-11-17,0.008568421374936429,0.009358319976318957
2025-11-18,0.008534960599779824,0.009273650844242524
2025-11-19,0.008464761423403373,0.009066113453230298
2025-11-21,0.008515981772071338,0.008992986533927763
2025-11-24,0.008465276474285547,0.008711939841620685
2025-11-25,0.008370406255523497,0.008685171252244222
2025-11-26,0.008287446242424217,0.008744410535882732
2025-11-27,0.00873235416802317,0.009224211608168971
2025-11-28,0.00863585959253183,0.009097087820973956
2025-12-01,0.00855740078247044,0.009035506991402797
2025-12-02,0.008484646436417035,0.009045313347650834
2025-12-03,0.008829673296301147,0.009483132604743243
2025-12-04,0.00873333683737954,0.009522161634690392
2025-12-05,0.009123074075397846,0.00974938319009952
2025-12-08,0.012532476392719694,0.012759737541924238
2025-12-09,0.012347088419216707,0.012613768991123124
2025-12-10,0.012149813966432705,0.012378154059805158
2025-12-11,0.012000901854142085,0.012295999446398002
2025-12-12,0.011803415265942164,0.012186218353816582
2025-12-15,0.011733158720712004,0.012161735052574441
2025-12-16,0.011687536482818664,0.012074955742915432
2025-12-17,0.012502353510618453,0.012789491580000232
2025-12-18,0.012415342440456768,0.012720999242680688
2025-12-19,0.012218527938981438,0.012503120656225242
2025-12-22,0.012024272429225508,0.012318108782549984
2025-12-23,0.011842035099124126,0.012143630413346403
2025-12-26,0.011933501245058693,0.012277311754380373
2025-12-29,0.011741731827863831,0.012072179879227856
2025-12-30,0.011571671664172755,0.012003397225866443
2026-01-02,0.011397807153960564,0.011935168765647784
2026-01-05,0.011252335725165383,0.011703212479023681
2026-01-06,0.011159096443969271,0.011565939183115704
2026-01-07,0.011148231805155619,0.011514745312103891
2026-01-08,0.01119326526661045,0.011514237605494622
2026-01-09,0.011054838726311172,0.011454015683036048
2026-01-12,0.01088471475192593,0.011351274958122454
2026-01-13,0.010725168294032224,0.011116229516746557
2026-01-14,0.010681459419963214,0.011083793547450123
2026-01-15,0.011094973079538564,0.011557912884027794
2026-01-16,0.010923302008126667,0.011425785793221685
2026-01-19,0.01080956330348469,0.01127251050216134
2026-01-20,0.010642624210893133,0.011156102772276499
2026-01-21,0.010579165783664836,0.01121795255330748
2026-01-22,0.012081235218147317,0.012707392826246165
2026-01-23,0.012531289630617743,0.013202783899328979
2026-01-26,0.012768550685829374,0.013516692763612871
2026-01-27,0.012557450033844023,0.013361422523292215
2026-01-28,0.012757635199052484,0.013634905563256708
2026-01-29,0.012830819017655697,0.013718419331839453
2026-01-30,0.01274767534704834,0.0136513670155215
2026-02-02,0.012704736105346406,0.013640188138328187
2026-02-03,0.012557814500193578,0.013532399695026159
2026-02-04,0.012661981809560656,0.013522155356685717
2026-02-05,0.013197509224942559,0.013903347666032361
2026-02-06,0.012973042380725986,0.013654930522860782
2026-02-09,0.01276883207031281,0.013461011932563674
2026-02-10,0.012961854535340697,0.013686196925546807
2026-02-11,0.012752204896385913,0.013551289679617926
2026-02-12,0.013061159804806696,0.013849734876340208
2026-02-13,0.013023491522982893,0.013710440769667607
2026-02-18,0.012895390879487673,0.013489830820236479
2026-02-19,0.012694119783460649,0.013277880766119986
2026-02-20,0.012705456213170277,0.013378324358722351
2026-02-23,0.01262343543371561,0.0133943389115817
2026-02-24,0.01255877312541276,0.01334397909589413
2026-02-25,0.012591216436593309,0.013443710524420598
2026-02-26,0.012387596186480086,0.013161757540811976
2026-02-27,0.012189080146343059,0.012903637291229111
2026-03-02,0.012238386804675068,0.012943502435782052
2026-03-03,0.01203910318796531,0.012630788111031936
2026-03-04,0.01357883945199037,0.013942294311933057
2026-03-05,0.01351669872726179,0.01375741273509517
2026-03-06,0.014334530965044792,0.014427700127584635
2026-03-09,0.014149940834315821,0.01413107818626189
2026-03-10,0.013976359482789764,0.013985240030476614
2026-03-11,0.013952261484652112,0.013989689549158316
2026-03-12,0.01371203542792707,0.013635284750947343
2026-03-13,0.014440082061229004,0.014222862131295857
2026-03-16,0.014321745397354783,0.014011520310715585
2026-03-17,0.01423800917186774,0.013980469383324463
2026-03-18,0.013991643354612676,0.013681350996159398
2026-03-19,0.013785558310767903,0.013443828566283796
2026-03-20,0.013553090490636402,0.013208906847592001
2026-03-23,0.014091536039508816,0.013626072237608908
2026-03-24,0.015068840618226532,0.014724973606285554
2026-03-25,0.014803961317054864,0.014523139208600471
2026-03-26,0.014816224917109343,0.014521294564006207
2026-03-27,0.014865243149619201,0.014523248832279116
2026-03-30,0.014672464469560598,0.014324978140289504
2026-03-31,0.014433707002946564,0.014134155421513125
2026-04-01,0.015019037228070074,0.014740213365582264
2026-04-02,0.014752826428239765,0.01447954185164436
2026-04-06,0.01449027219992025,0.014227980683132762
2026-04-07,0.014233723156063997,0.013984771432814336
2026-04-08,0.013983248703898426,0.013738625552705781
2026-04-09,0.014251592554976305,0.01412204984291377
2026-04-10,0.014259793960974163,0.014249121826866194
2026-04-13,0.014143121865832331,0.01425408494943883
2026-04-14,0.013901563600080382,0.014123074500724208
2026-04-15,0.0136650547372941,0.013913814447034031
2026-04-16,0.013473100787187971,0.013680454827703435
2026-04-17,0.013286667835443432,0.013489061114779204
2026-04-20,0.01312062314916955,0.013311783446605838
2026-04-22,0.01289715737132238,0.013095310041196361
2026-04-23,0.013134464886273005,0.013329250184440226
2026-04-24,0.013025048547136462,0.013152320875799775
2026-04-27,0.012830957075500464,0.012868354126117622
2026-04-28,0.012690281876235247,0.012656425875075776
2026-04-29,0.012532784149275233,0.012392396161733156
2026-04-30,0.01302353648216394,0.01282782869609335
2026-05-04,0.01303427196959271,0.012869597198566536
2026-05-05,0.012965613463201022,0.012886189181182315
2026-05-06,0.012782592598646956,0.012786126019784193
2026-05-07,0.012588570556751862,0.012452112415532355
2026-05-08,0.013301029056705873,0.013062284253576356
2026-05-11,0.01309203669907333,0.012889579504435554
2026-05-12,0.013115077485604481,0.012836211527945143
2026-05-13,0.013027409394599489,0.012665737856607066
2026-05-14,0.013334067529828606,0.012989899574630964
2026-05-15,0.01315602777236222,0.012814151457705892
2026-05-18,0.013004739292850492,0.012598492538044235
2026-05-19,0.012794538050815603,0.012258351407529266
2026-05-20,0.012973165167446782,0.012370422954643235
2026-05-21,0.013139711956286462,0.012606255541863122
2026-05-22,0.01291498392362344,0.012304623746198671
2026-05-25,0.012820011687025856,0.012116815061055379
2026-05-26,0.012645565757972457,0.011886017562584908
2026-05-27,0.012476727482987126,0.011617603228827931
2026-05-28,0.01232021715603393,0.011417851940632849
2026-05-29,0.012152897637281319,0.01115079445680661
2026-06-01,0.012061381463826239,0.010903949555075128
2026-06-02,0.012027626222211067,0.010960530089569941
2026-06-03,0.012000203376215521,0.01091985471843502
2026-06-05,0.012648896264515621,0.011509631622801355
2026-06-08,0.012551974277381615,0.011291884911967897
2026-06-09,0.012356087334036875,0.011082480258727698
2026-06-10,0.01219882082111692,0.010878340455169458
2026-06-11,0.012099301773358434,0.010780699651744094
2026-06-12,0.01228558022951249,0.011028830519812285
2026-06-15,0.012096976004763305,0.010781746474543864
2026-06-16,0.011940958014418546,0.010529670853063711
2026-06-17,0.011794512032885743,0.010315889569116466
2026-06-18,0.011708684777012495,0.010213981002481245
2026-06-19,0.011525592953890542,0.00999463249128584
2026-06-22,0.01134031147662546,0.009785080775813427
2026-06-23,0.01130836726466855,0.009847541003294002
2026-06-24,0.011155966325659343,0.00970226183028147
2026-06-25,0.01103046356612091,0.00966951349935419
2026-06-26,0.010954605558512015,0.00969021456682001
2026-06-29,0.010854823911587836,0.009650205353439665
2026-06-30,0.010690186178124245,0.009393412456150059
2026-07-01,0.010636382536763125,0.009286709163744038
2026-07-02,0.010489274256695156,0.009185352112641898
2026-07-03,0.01037963509188043,0.00922371991937162
2026-07-06,0.010322504823998624,0.00926103264184505
2026-07-07,0.010410400651183321,0.009278205101582808
2026-07-08,0.010275821167717832,0.009031411222201526
2026-07-09,0.010272247008852455,0.009088503169732256
2026-07-10,0.010341126743575752,0.009324834448246172
2026-07-13,0.011544223646039393,0.010767065968111446
2026-07-14,0.011637546784062664,0.010873983786325146
2026-07-15,0.0114750615046875,0.010710875287128663
2026-07-16,0.01132632596054916,0.01038004743835757
2026-07-17,0.011450622579674956,0.010369430994996527
2026-07-20,0.011271469429238234,0.010173330834368458
2026-07-21,0.011107683332276089,0.009982309361874305
2026-07-22,0.010935244030206686,0.009917776793352751
2026-07-23,0.011642546502466967,0.01071876812663954
2026-07-24,0.011507403058874845,0.010444566184239135
2026-07-27,0.01175636647602535,0.010606022093918293
2026-07-28,0.011628550135672657,0.010602773640070813
2026-07-29,0.011496445442024949,0.010452588417325565
2026-07-30,0.011746199674916207,0.010687895440372887
2026-07-31,0.012042053974461966,0.011070368718589508
2026-08-03,0.011864076853230883,0.01091705078848211
2026-08-04,0.011671624229783475,0.010699749321674555
2026-08-05,0.011486633889365539,0.010472835039971855
2026-08-06,0.011308519851180738,0.010233114408209832
2026-08-07,0.011426859282951118,0.010270734040529068
2026-08-10,0.01179929962162442,0.010548537583226962
2026-08-11,0.01162129436534654,0.010344792950653704
2026-08-12,0.012520477802446894,0.011195503214806515
2026-08-13,0.012327545515004186,0.010891134894127796
2026-08-14,0.012139981388489828,0.010597479954613102
